case,Bond 1,Bond 2,Bond 3,Bond 4,Bond 5,Bond 6,Bond 7,Bond 8,Bond 9,Bond 10
1,0,0,0,0,0,0,0,0,0,0
2,0,0,0,0,0,0,0,0,0,0
3,0,0,0,0,0,0,0,0,0,0
4,0,0,0,0,0,0,0,6,0,16
5,4,0,0,20,5,13,12,0,7,0
6,17,0,0,0,0,0,0,17,0,15
7,0,0,0,0,0,0,0,0,0,0
8,0,0,14,0,0,0,0,0,0,0
9,0,20,0,0,0,0,0,0,11,0
10,0,19,0,0,0,0,0,0,0,0
11,0,0,0,0,0,0,0,0,0,0
12,0,0,0,0,0,0,0,0,0,6
13,0,0,0,0,0,0,0,0,0,0
14,0,0,0,5,0,0,0,0,0,0
15,0,0,0,0,0,0,0,0,0,0
16,0,0,0,0,0,0,0,0,12,0
17,0,0,19,0,0,0,0,0,0,0
18,15,0,0,0,0,0,14,0,0,0
19,0,0,0,0,0,18,0,0,0,0
20,0,20,2,0,0,0,0,14,0,0
21,0,0,0,0,0,0,0,0,0,0
22,0,0,0,0,0,0,0,0,0,0
23,0,0,0,0,0,18,0,0,0,2
24,0,0,0,0,0,0,0,0,0,0
25,0,0,0,0,0,0,0,0,0,0
26,8,0,14,0,0,4,18,0,16,0
27,0,0,0,0,0,0,0,10,0,0
28,0,0,0,0,6,19,0,0,0,0
29,0,0,0,0,0,0,0,0,13,0
30,0,0,0,0,0,0,0,0,15,0
31,0,0,16,0,12,0,0,0,8,0
32,0,0,3,0,0,0,0,18,0,0
33,0,11,0,0,0,15,0,0,0,0
34,0,0,0,0,0,0,0,0,0,0
35,0,0,0,0,0,0,0,0,0,0
36,0,14,0,0,0,20,0,0,0,11
37,0,20,0,0,0,0,0,0,0,0
38,0,0,0,0,0,0,0,13,5,0
39,16,0,16,0,0,0,0,0,0,13
40,0,0,0,0,11,0,0,13,0,19
41,0,0,0,0,0,0,0,0,0,0
42,0,0,0,0,0,0,0,0,0,0
43,14,19,0,0,0,0,0,0,0,2
44,0,0,11,16,0,3,0,0,0,0
45,0,0,0,0,0,0,0,0,0,0
46,0,0,0,0,0,0,18,9,0,0
47,0,0,0,0,0,0,4,2,0,4
48,0,0,0,0,0,0,0,0,0,0
49,0,8,0,0,18,20,0,0,0,15
50,0,0,18,0,0,0,0,0,0,7
51,0,0,0,0,0,0,0,0,0,13
52,0,0,0,0,0,0,0,0,0,0
53,0,0,6,0,0,0,0,0,5,0
54,18,0,0,0,2,0,0,0,0,0
55,0,0,0,0,0,0,0,17,4,7
56,18,20,2,12,0,0,0,0,2,4
57,0,0,3,0,0,0,2,0,6,0
58,0,0,6,0,0,0,0,0,4,0
59,0,9,1,13,0,5,0,0,20,0
60,0,0,0,11,0,0,15,0,0,0
61,0,0,0,0,0,0,0,0,0,0
62,0,0,0,0,0,0,0,0,0,0
63,0,0,0,0,0,0,0,0,0,0
64,0,15,0,0,0,2,0,15,0,0
65,0,7,14,0,0,6,6,18,12,7
66,0,0,0,0,0,0,0,0,0,0
67,0,0,0,5,15,0,0,0,0,13
68,0,0,0,0,0,0,6,0,0,0
69,0,0,0,0,6,0,2,0,0,0
70,0,16,11,0,0,0,0,0,0,0
71,14,0,0,0,0,0,0,0,0,0
72,0,0,0,13,0,0,0,0,0,0
73,0,0,0,0,0,0,4,0,0,0
74,0,11,5,0,7,1,20,0,13,3
75,0,0,0,0,0,0,0,0,0,0
76,0,0,0,0,0,0,0,0,5,0
77,0,0,0,0,20,0,0,0,11,0
78,0,8,0,5,0,0,0,0,0,0
79,9,9,0,0,0,0,0,0,0,0
80,0,0,0,0,0,0,0,18,0,0
81,0,0,0,0,0,0,11,0,0,0
82,0,0,0,0,0,0,0,0,0,0
83,3,20,10,0,0,8,0,0,10,0
84,0,0,0,0,0,0,0,0,0,0
85,0,0,0,0,0,0,0,0,0,0
86,0,0,0,0,0,14,0,0,0,0
87,0,10,0,0,20,3,0,0,0,0
88,0,0,6,0,0,0,15,0,18,1
89,0,0,0,20,0,0,0,0,0,0
90,0,0,0,0,0,0,0,0,0,0
91,0,0,0,0,0,0,0,16,5,0
92,0,0,0,0,0,0,6,0,6,0
93,0,9,0,0,13,9,0,0,3,0
94,0,4,1,0,0,0,20,0,5,0
95,12,14,0,0,0,0,0,0,0,0
96,0,0,0,0,0,1,0,0,8,12
97,0,0,0,0,0,0,0,0,0,0
98,0,0,0,0,0,0,2,7,0,0
99,0,9,0,0,0,0,0,0,0,0
100,0,0,0,0,0,0,0,0,3,0
101,0,0,0,10,0,0,0,0,0,0
102,0,0,0,0,0,0,0,10,0,0
103,2,0,0,0,0,0,19,6,0,5
104,0,12,0,0,0,0,0,0,0,0
105,0,0,0,0,0,0,0,0,0,0
106,15,0,0,0,0,0,0,0,0,0
107,0,0,0,0,0,0,0,0,16,0
108,13,0,0,0,7,19,6,0,0,0
109,0,0,0,0,0,0,0,0,0,0
110,0,0,0,5,7,0,0,0,0,0
111,0,0,0,11,0,0,0,9,0,0
112,0,0,0,12,0,0,0,17,0,0
113,13,0,0,0,0,0,0,0,0,0
114,11,2,0,6,0,0,0,6,0,1
115,15,0,0,0,0,0,0,0,0,0
116,0,0,0,5,0,0,0,0,0,16
117,0,0,0,0,0,0,0,0,0,15
118,10,12,4,0,0,0,0,18,0,0
119,16,4,0,0,0,10,0,16,0,0
120,0,0,0,0,0,0,0,9,15,7
121,0,0,9,0,0,0,0,0,11,0
122,0,0,0,0,0,0,0,0,0,0
123,0,0,0,0,0,0,0,0,0,0
124,11,10,9,0,0,0,0,6,0,15
125,0,0,0,0,0,0,0,0,0,0
126,0,0,11,20,18,7,12,15,0,0
127,0,0,0,0,0,4,2,0,15,0
128,13,0,17,0,0,0,19,0,0,0
129,0,0,0,0,0,0,0,8,0,0
130,0,2,0,0,0,0,0,0,0,5
131,0,0,0,0,0,0,0,14,0,0
132,0,0,0,0,2,13,0,0,0,10
133,7,0,0,0,0,3,0,0,0,0
134,0,0,0,0,0,0,0,0,0,0
135,0,0,0,0,0,0,0,0,0,0
136,0,0,0,0,0,0,0,0,0,0
137,0,10,0,0,0,0,13,0,0,0
138,0,0,0,0,0,0,0,0,0,0
139,17,0,0,0,0,0,0,20,0,0
140,1,2,11,9,0,4,1,0,0,5
141,0,0,0,0,4,20,0,0,0,0
142,0,0,0,0,12,0,0,0,0,0
143,0,0,0,0,0,0,0,0,0,0
144,1,20,14,0,0,7,0,14,0,0
145,0,0,0,0,0,0,0,0,0,0
146,0,0,0,0,0,0,0,0,0,0
147,0,0,0,0,14,0,0,0,0,0
148,14,0,1,0,10,0,0,0,0,0
149,0,0,0,0,0,16,0,19,0,0
150,0,0,0,19,0,0,3,0,0,0
151,7,0,0,0,0,0,0,0,0,0
152,15,0,0,9,7,0,0,0,0,0
153,0,0,0,0,1,0,0,12,3,8
154,0,0,0,0,0,0,0,0,0,0
155,20,9,14,0,0,12,0,0,13,0
156,0,0,0,0,0,0,0,19,0,0
157,0,0,0,0,0,0,0,0,0,0
158,0,0,0,0,0,0,0,0,0,0
159,0,0,6,14,0,0,0,0,0,12
160,0,0,0,0,16,17,0,0,0,0
161,0,0,0,0,0,11,0,0,12,0
162,0,0,0,0,0,0,0,0,0,0
163,0,0,0,16,11,8,9,0,0,0
164,0,19,0,0,0,0,0,0,0,19
165,0,0,0,0,0,13,0,0,19,0
166,5,0,0,0,0,13,0,0,0,0
167,0,0,0,0,0,0,0,0,0,0
168,0,0,0,0,0,0,0,0,0,8
169,0,0,0,0,0,0,0,10,0,0
170,0,0,0,0,0,0,0,12,0,0
171,0,0,0,7,5,0,0,6,0,0
172,0,0,0,0,0,0,0,0,0,0
173,0,0,0,0,0,0,0,0,0,0
174,0,17,8,6,7,0,0,6,13,0
175,0,0,0,0,0,0,0,17,0,0
176,0,0,0,0,19,0,0,0,17,5
177,0,0,0,0,0,0,0,0,0,0
178,0,0,0,0,0,0,0,0,0,19
179,0,8,7,0,0,0,9,0,15,0
180,0,0,0,0,0,0,0,0,0,8
181,0,0,0,0,0,7,0,0,0,0
182,0,5,0,17,0,0,10,2,0,0
183,14,0,9,0,0,20,0,0,0,20
184,0,5,0,0,0,0,0,0,0,0
185,6,0,0,0,0,0,0,4,0,0
186,0,0,0,0,0,0,0,0,0,0
187,0,0,0,10,0,0,0,0,15,0
188,0,3,0,0,0,0,0,12,0,0
189,0,0,0,0,0,0,0,0,0,0
190,0,0,0,0,0,0,0,0,0,0
191,0,0,0,18,0,18,0,0,0,0
192,17,0,0,0,0,0,0,0,0,5
193,0,4,0,0,0,0,0,0,0,11
194,0,0,0,0,0,0,0,0,0,0
195,0,0,16,0,0,0,0,0,0,0
196,16,0,0,0,0,6,0,13,0,0
197,0,0,0,0,0,0,0,0,0,0
198,20,0,0,0,0,0,6,10,0,0
199,0,10,0,2,0,0,2,0,0,18
200,0,0,0,0,0,4,0,0,0,0
201,0,0,12,0,3,0,0,0,0,0
202,0,0,1,19,0,0,0,0,0,0
203,0,0,0,0,0,0,0,0,0,0
204,0,0,0,0,0,7,7,0,14,10
205,12,16,0,12,17,0,0,0,9,0
206,0,0,0,0,0,0,0,0,0,0
207,0,3,0,0,9,0,0,0,0,0
208,0,0,0,0,0,0,0,0,0,0
209,0,0,0,0,0,0,0,0,0,0
210,0,0,16,1,5,3,20,0,1,0
211,0,0,0,9,0,0,13,0,0,0
212,0,0,0,0,2,16,0,0,19,0
213,15,11,0,6,7,0,5,2,6,0
214,8,10,0,0,15,10,0,0,0,0
215,5,5,10,0,0,0,0,0,8,0
216,7,0,11,0,8,5,5,6,0,2
217,0,0,0,0,0,0,0,0,0,0
218,0,16,0,0,0,0,0,13,2,9
219,11,0,9,0,2,0,0,0,0,0
220,0,0,0,0,0,0,0,0,0,11
221,18,0,0,0,6,0,0,0,15,0
222,20,0,14,18,9,15,0,0,0,0
223,2,1,3,0,4,1,5,4,0,0
224,19,20,0,0,4,0,0,0,5,16
225,0,0,7,0,0,0,0,0,0,0
226,19,0,0,0,0,0,0,0,0,0
227,0,0,0,0,0,0,0,0,0,0
228,0,13,15,0,0,0,0,0,0,0
229,0,0,0,2,0,0,0,14,0,0
230,0,0,0,0,0,0,0,0,0,0
231,0,0,0,0,0,0,0,0,0,0
232,0,1,0,0,3,0,0,0,19,17
233,0,0,0,17,0,0,0,0,0,13
234,19,8,0,0,0,0,0,0,0,0
235,0,0,0,11,0,0,0,20,0,0
236,0,0,0,0,0,0,0,0,0,0
237,0,2,0,0,0,0,0,0,0,0
238,0,0,0,0,0,0,0,0,0,0
239,0,0,0,15,0,0,0,0,0,0
240,7,0,0,0,0,0,6,0,0,0
241,0,0,0,0,0,0,1,0,14,0
242,0,6,2,5,0,12,0,4,3,20
243,0,0,0,0,0,0,16,0,0,9
244,0,0,0,0,0,0,0,0,0,0
245,0,0,0,4,0,0,0,0,0,10
246,0,0,0,0,0,0,0,0,0,20
247,15,16,0,3,1,1,0,0,0,2
248,0,0,0,17,0,3,0,0,0,0
249,0,0,0,14,0,0,0,0,9,0
250,0,0,0,0,0,0,0,0,0,0
251,0,0,0,0,0,0,0,0,0,0
252,15,0,0,0,1,0,0,0,4,8
253,2,5,0,0,0,9,0,0,0,0
254,0,0,0,0,0,0,0,0,0,0
255,0,0,0,0,10,0,0,0,0,0
256,0,16,0,5,0,0,0,0,0,0
257,14,0,0,0,0,0,0,0,0,0
258,0,0,0,0,0,0,0,0,0,0
259,20,0,20,0,0,0,4,0,0,0
260,0,0,0,0,5,0,0,0,0,0
261,0,0,0,0,0,0,0,0,0,19
262,0,0,0,0,0,0,0,0,0,0
263,0,0,0,0,0,0,0,1,0,0
264,0,0,0,0,0,0,0,0,0,0
265,0,0,0,0,0,0,0,0,12,4
266,9,3,9,7,0,0,0,0,0,0
267,0,0,2,0,0,0,16,0,0,0
268,18,0,0,0,10,7,0,19,0,10
269,0,0,0,0,0,0,10,0,0,1
270,3,0,0,0,0,0,0,20,0,0
271,0,0,0,0,0,17,0,0,0,0
272,14,0,9,0,0,18,9,9,18,5
273,0,0,0,0,0,0,0,0,0,0
274,0,0,0,0,0,6,14,18,0,0
275,0,17,0,0,0,0,0,0,0,0
276,17,0,0,0,5,0,0,0,0,0
277,0,0,18,0,0,0,0,0,0,0
278,0,0,2,14,0,0,0,1,3,17
279,0,0,0,0,0,0,0,0,0,0
280,0,0,0,0,0,0,0,12,0,0
281,0,0,0,0,0,0,0,0,0,0
282,0,3,0,0,0,0,0,0,0,0
283,0,0,16,0,0,0,0,0,0,0
284,0,0,0,0,0,0,0,0,0,0
285,0,0,0,0,0,0,0,0,0,0
286,4,0,0,0,0,0,0,0,0,0
287,13,0,16,0,0,0,0,0,0,0
288,0,0,1,0,0,12,0,3,0,0
289,0,0,0,0,18,0,0,0,0,0
290,0,0,0,0,0,0,0,0,0,0
291,0,0,0,0,14,0,6,6,0,0
292,0,0,0,0,0,0,0,0,0,0
293,0,0,0,7,0,0,0,0,0,0
294,0,0,0,0,0,0,0,0,16,0
295,0,16,0,0,0,0,0,0,0,0
296,0,6,0,13,0,0,2,0,5,1
297,0,8,0,0,0,0,0,0,4,20
298,0,0,0,0,0,0,0,0,3,0
299,0,0,0,0,0,0,18,0,0,0
300,0,10,0,0,0,0,0,0,0,0
301,0,0,0,0,0,0,0,0,0,0
302,0,0,0,0,0,0,5,14,0,0
303,0,0,0,0,14,0,0,0,0,0
304,0,0,0,0,0,0,0,0,0,0
305,0,0,0,0,0,0,12,0,0,0
306,0,0,0,0,0,0,0,0,0,0
307,0,0,0,0,0,0,0,0,0,13
308,0,0,0,0,9,0,0,0,0,0
309,0,0,0,0,0,0,0,0,0,0
310,0,0,0,3,2,12,7,0,3,0
311,0,19,17,6,10,11,0,0,17,0
312,0,0,0,0,0,0,0,0,0,0
313,0,0,0,0,0,0,0,0,0,0
314,0,0,4,0,0,0,0,0,0,0
315,0,10,20,0,0,4,0,0,0,0
316,0,0,0,0,0,20,0,0,0,0
317,0,0,18,0,0,0,0,0,0,0
318,0,0,0,0,0,0,0,0,0,0
319,0,0,0,0,0,0,0,0,0,0
320,0,0,0,0,17,9,0,0,0,0
321,5,15,14,8,11,20,0,1,6,0
322,0,0,4,0,0,0,0,0,0,0
323,0,7,0,0,0,0,0,0,0,0
324,0,0,0,0,0,0,0,0,0,0
325,0,0,0,0,0,0,0,0,0,0
326,0,0,0,0,0,0,0,0,5,0
327,0,0,0,0,0,0,0,0,0,10
328,0,0,0,0,0,0,0,0,0,0
329,2,0,0,0,1,10,0,0,1,10
330,0,0,0,0,0,0,0,0,15,0
331,0,0,6,0,0,0,0,0,0,0
332,0,0,0,0,0,0,0,0,0,0
333,10,0,0,9,14,0,0,0,0,0
334,0,0,0,0,0,0,0,0,0,0
335,0,0,0,0,0,0,8,0,0,0
336,0,0,0,0,5,0,0,3,0,0
337,0,0,0,0,0,0,0,0,0,0
338,0,0,0,0,0,0,6,0,0,0
339,0,0,0,0,0,0,0,0,0,0
340,0,0,0,0,0,0,0,0,0,0
341,0,0,0,0,0,0,0,20,0,0
342,0,0,0,0,0,0,0,0,0,0
343,0,13,0,0,0,0,0,0,0,0
344,0,0,0,0,0,0,0,0,2,0
345,0,0,0,0,0,0,9,0,14,0
346,0,0,0,0,0,0,0,0,16,0
347,0,0,0,0,0,0,0,0,0,0
348,0,0,19,0,0,0,0,0,0,0
349,0,0,0,0,0,0,0,0,0,0
350,0,0,0,0,0,9,20,0,0,0
351,0,4,6,0,15,0,0,20,0,2
352,6,0,0,0,0,3,0,0,0,0
353,10,0,0,0,0,0,4,4,3,0
354,0,0,0,0,0,0,0,0,0,0
355,0,0,0,0,0,0,15,0,0,0
356,0,0,0,0,0,0,0,0,16,0
357,0,0,17,0,12,0,0,0,0,0
358,0,15,0,0,2,0,0,4,6,7
359,0,0,0,0,0,11,0,0,0,0
360,0,0,0,0,0,0,0,0,0,0
361,0,0,0,0,0,14,0,16,0,0
362,14,0,12,18,0,1,0,2,0,0
363,0,0,0,0,0,0,0,0,0,0
364,0,0,0,0,0,0,0,0,0,9
365,0,0,0,0,0,0,0,0,0,0
366,0,0,0,18,0,0,13,0,0,0
367,0,0,0,16,0,0,0,11,0,20
368,0,0,0,13,0,0,0,0,0,0
369,8,6,0,6,20,0,0,0,0,0
370,16,0,0,0,0,0,16,0,0,0
371,0,0,0,0,0,0,0,0,0,0
372,0,13,0,0,16,0,0,0,0,14
373,0,0,0,0,10,0,0,0,0,0
374,0,0,0,0,0,18,0,0,2,0
375,3,0,0,1,15,13,0,15,17,0
376,0,4,0,9,0,2,0,0,7,0
377,0,0,0,0,0,0,0,0,0,0
378,0,0,3,0,0,0,0,0,0,0
379,20,0,0,0,0,0,0,0,0,0
380,0,0,12,0,0,0,0,4,18,0
381,0,0,0,0,0,0,0,0,0,0
382,5,9,0,4,0,0,0,0,0,0
383,0,0,0,0,11,0,0,0,0,0
384,0,9,0,0,0,0,0,0,17,0
385,12,0,0,0,1,0,0,0,0,0
386,0,14,13,6,0,8,0,15,0,0
387,0,0,0,0,0,0,0,0,0,0
388,14,18,0,0,0,3,6,5,0,0
389,0,0,0,0,0,17,8,12,0,0
390,1,0,0,13,5,0,20,0,0,10
391,0,1,0,14,0,4,0,0,0,0
392,9,0,0,0,12,11,0,0,0,6
393,0,0,0,11,8,0,0,0,0,0
394,0,0,18,0,0,0,0,0,0,0
395,0,20,0,0,0,9,7,0,9,0
396,0,0,0,20,0,0,0,0,0,0
397,17,6,0,0,16,0,0,0,15,0
398,0,0,0,7,0,0,0,0,0,0
399,0,0,0,0,0,0,0,19,0,19
400,0,0,6,11,14,0,0,11,0,0
401,0,0,0,0,0,0,0,0,0,12
402,0,0,0,0,16,0,0,0,0,0
403,0,0,0,0,8,0,0,0,0,2
404,0,0,0,0,0,0,0,0,0,0
405,3,13,15,0,0,0,0,0,0,0
406,0,0,0,0,0,0,0,0,0,0
407,0,0,11,1,4,0,1,6,0,0
408,0,9,5,9,0,0,0,5,0,0
409,4,0,0,0,0,0,0,0,0,0
410,0,9,7,11,0,0,16,20,0,0
411,12,0,0,13,0,0,12,0,4,0
412,0,0,0,0,0,0,0,0,0,0
413,0,0,0,0,0,0,0,0,0,0
414,0,0,0,16,3,0,0,4,0,0
415,0,0,0,0,0,0,0,0,0,0
416,0,0,0,0,0,3,6,0,2,11
417,10,0,0,0,9,0,0,0,0,0
418,0,0,0,0,0,0,0,0,0,0
419,3,0,0,0,0,0,0,0,0,7
420,0,0,0,0,3,18,0,0,0,0
421,0,0,8,11,0,0,6,0,0,0
422,0,0,0,0,0,0,0,0,0,0
423,0,0,0,0,0,15,0,12,0,0
424,6,0,1,0,0,0,16,2,0,0
425,8,0,15,0,0,0,3,0,0,0
426,0,0,0,0,1,0,0,12,0,0
427,0,7,20,2,11,20,13,0,3,0
428,0,0,0,0,9,0,0,0,0,0
429,0,0,0,0,0,0,0,0,0,0
430,1,0,0,0,0,0,0,20,0,0
431,0,0,0,0,0,0,0,0,2,0
432,0,0,0,0,0,0,6,1,0,0
433,0,0,0,17,0,0,0,0,0,0
434,0,0,0,0,0,0,0,0,10,2
435,14,0,0,0,0,0,0,18,10,0
436,0,0,0,13,0,18,0,0,0,0
437,0,0,0,0,0,0,0,0,20,0
438,0,0,0,6,4,0,0,0,0,0
439,9,12,0,0,15,0,0,0,4,0
440,0,0,0,19,0,2,0,0,0,0
441,9,0,0,0,0,0,0,0,0,0
442,0,16,5,9,9,0,7,0,0,11
443,0,0,0,0,0,0,0,0,0,0
444,0,0,0,0,0,0,0,0,0,0
445,0,0,20,0,20,0,0,9,0,0
446,0,0,0,0,0,15,0,0,0,0
447,0,0,8,0,0,0,5,19,0,9
448,0,0,0,0,0,0,0,0,0,0
449,0,0,0,0,0,11,0,0,0,0
450,0,0,0,0,0,0,0,0,0,0
451,0,0,0,0,16,10,0,0,0,0
452,0,0,0,0,0,0,0,0,0,0
453,0,0,7,6,19,0,0,11,0,0
454,0,8,8,5,0,0,4,0,0,0
455,0,0,0,0,0,16,0,0,0,0
456,0,0,0,0,0,0,0,0,0,0
457,11,4,0,0,0,10,0,10,0,0
458,0,19,0,0,0,0,0,0,0,0
459,0,0,0,0,0,0,0,0,0,0
460,4,0,0,0,10,7,0,0,0,0
461,0,0,0,0,0,10,0,3,8,0
462,0,3,4,0,0,3,0,0,0,0
463,0,0,0,0,0,0,0,0,0,0
464,0,0,11,0,0,7,0,0,9,0
465,0,0,2,0,0,0,16,0,0,0
466,0,0,18,0,0,19,0,4,0,0
467,0,0,0,0,0,0,0,0,0,0
468,0,0,0,0,0,0,0,5,0,17
469,0,0,0,0,5,10,0,0,0,0
470,16,0,0,0,19,0,0,0,0,0
471,0,0,0,0,15,15,0,8,2,0
472,0,0,0,13,17,0,0,0,0,0
473,9,0,0,0,0,0,0,0,0,0
474,0,0,0,0,0,0,13,0,10,0
475,0,0,0,0,0,0,0,0,0,0
476,0,0,0,0,0,17,0,0,0,0
477,0,0,0,0,0,0,0,0,0,0
478,0,0,0,0,0,12,0,0,0,0
479,15,2,0,0,9,3,3,0,0,7
480,0,0,0,0,0,0,0,0,0,0
481,0,0,0,0,0,0,0,15,0,0
482,0,0,0,0,0,0,0,0,0,0
483,0,11,0,0,0,0,7,0,0,0
484,0,0,0,0,0,0,0,2,11,7
485,0,0,0,0,0,0,0,0,0,0
486,0,0,0,0,0,0,0,0,0,4
487,8,11,0,0,0,0,1,0,3,0
488,0,15,18,0,0,0,0,7,0,0
489,0,0,0,0,0,0,4,0,0,19
490,4,0,0,0,0,0,0,0,0,0
491,14,0,0,0,0,0,0,0,0,0
492,0,0,0,0,0,8,0,0,0,0
493,0,0,0,0,0,0,0,0,0,0
494,0,0,0,0,4,0,0,8,0,0
495,0,0,0,0,0,0,0,0,0,16
496,17,0,0,0,0,0,19,7,0,0
497,0,0,0,0,0,0,0,12,15,8
498,0,0,0,0,0,0,18,0,13,0
499,0,0,6,0,8,0,0,0,19,0
500,6,6,0,0,0,0,0,0,0,0
501,0,0,16,0,5,0,5,0,14,0
502,0,0,0,0,0,0,0,0,0,0
503,0,0,0,0,0,0,0,0,0,0
504,0,0,0,0,0,0,0,3,0,15
505,5,7,0,0,0,0,0,9,0,0
506,0,0,0,0,0,0,13,0,20,0
507,0,0,0,0,0,2,20,0,2,0
508,12,0,0,0,0,0,0,0,0,0
509,0,0,0,19,0,19,0,0,0,9
510,0,0,0,10,0,6,5,0,0,0
511,1,16,0,0,15,0,0,13,0,0
512,0,0,0,4,0,0,0,10,20,0
513,0,16,0,0,3,0,0,0,0,0
514,0,0,0,0,0,0,0,0,19,0
515,0,0,0,0,0,0,0,0,0,0
516,0,11,0,0,13,0,0,0,0,0
517,0,0,0,0,0,0,0,0,0,0
518,0,0,0,5,0,0,0,19,0,0
519,0,0,18,1,3,19,0,0,0,0
520,0,0,0,0,0,0,0,0,0,0
521,0,0,10,0,0,0,0,0,0,0
522,0,0,0,0,8,0,0,0,0,0
523,0,0,0,0,0,9,0,0,0,0
524,0,0,0,1,0,9,0,0,0,20
525,0,0,0,0,0,0,0,0,0,0
526,0,20,0,0,0,0,0,0,0,0
527,0,0,0,0,0,15,0,0,0,0
528,0,0,0,0,0,0,0,0,0,0
529,0,4,10,0,0,0,0,0,20,13
530,0,0,0,0,8,0,6,0,0,0
531,0,0,0,0,0,11,0,0,0,0
532,0,0,4,0,0,3,0,0,0,0
533,0,0,0,0,0,0,0,0,0,0
534,0,0,0,0,13,0,0,0,0,0
535,0,0,0,0,0,0,0,0,0,0
536,0,0,0,0,0,0,0,0,1,0
537,0,0,16,17,11,0,17,19,13,0
538,0,0,0,0,17,17,20,0,0,15
539,9,0,0,9,0,10,0,11,0,0
540,0,0,0,0,13,4,0,0,0,0
541,0,0,0,13,0,0,7,0,0,0
542,0,16,0,0,0,0,0,0,0,0
543,0,0,0,0,0,0,0,0,0,0
544,0,0,0,0,0,11,0,0,0,0
545,0,0,18,14,0,16,1,0,0,0
546,0,17,0,16,0,20,7,0,0,0
547,0,0,0,0,7,0,0,0,0,0
548,0,0,0,0,0,0,0,0,0,0
549,0,0,0,0,0,0,0,0,9,0
550,0,0,0,0,0,0,0,0,0,0
551,0,0,0,0,0,0,0,0,0,0
552,18,0,0,0,0,0,0,0,0,0
553,0,0,0,9,0,18,0,13,0,0
554,0,0,0,0,0,0,0,0,0,0
555,0,15,0,0,0,0,0,0,0,0
556,0,0,1,0,0,7,0,0,4,0
557,0,0,0,0,0,0,0,0,0,0
558,0,0,0,0,0,14,15,18,0,0
559,0,0,0,0,0,0,0,0,0,0
560,0,14,1,0,0,1,0,0,0,5
561,0,0,0,0,4,0,0,0,0,0
562,4,7,4,0,0,7,3,15,2,1
563,0,0,7,0,3,0,0,0,13,0
564,0,0,0,0,19,9,0,0,0,0
565,0,0,0,0,0,0,0,0,0,0
566,0,0,0,0,0,17,0,0,0,6
567,0,0,0,0,0,0,10,0,5,0
568,0,0,0,0,0,0,0,0,0,0
569,0,15,0,0,4,0,0,0,0,7
570,0,0,0,0,0,0,19,0,0,0
571,0,9,0,0,0,0,0,6,5,20
572,0,16,0,5,0,13,0,5,0,0
573,0,3,0,0,0,0,0,0,0,0
574,2,0,0,12,0,12,1,0,0,0
575,0,0,0,0,0,12,0,0,0,0
576,0,0,0,20,11,6,0,0,8,19
577,0,0,9,11,14,0,0,0,14,0
578,0,0,0,0,0,0,0,0,0,0
579,20,0,0,15,17,0,0,7,7,0
580,0,4,0,0,0,0,0,0,0,0
581,0,0,0,0,0,0,7,0,0,0
582,8,19,5,7,0,0,8,0,0,0
583,0,10,0,0,0,0,0,0,16,5
584,0,0,0,0,0,0,0,0,0,0
585,0,0,0,0,0,0,0,0,0,7
586,0,0,0,0,0,0,15,0,0,0
587,0,20,0,0,0,0,0,0,0,0
588,0,0,13,0,7,0,14,6,3,0
589,20,2,4,0,19,0,0,6,0,0
590,0,0,0,0,0,0,0,0,0,0
591,0,0,0,0,3,0,3,0,0,0
592,0,0,0,0,0,0,0,0,0,0
593,0,0,0,0,0,11,10,16,0,0
594,0,0,0,0,3,0,0,4,0,0
595,0,20,0,0,0,0,17,0,0,0
596,0,0,0,0,0,2,0,0,0,0
597,0,9,0,0,0,0,0,0,13,15
598,0,0,0,0,0,0,0,0,0,0
599,0,0,0,0,14,0,0,0,0,0
600,0,0,0,0,0,0,0,0,0,0
601,0,0,0,0,0,0,0,0,0,0
602,0,0,15,0,0,0,0,0,17,3
603,0,0,0,0,0,16,0,0,0,0
604,0,0,0,0,0,0,0,0,0,0
605,0,0,0,0,0,0,0,0,0,0
606,0,0,0,0,0,0,0,0,0,0
607,13,0,0,1,0,7,0,0,0,0
608,0,0,0,4,0,0,0,0,0,0
609,0,0,0,0,0,0,0,0,0,0
610,0,0,0,0,0,0,18,0,0,0
611,0,0,0,0,0,0,0,0,0,0
612,0,0,20,0,0,0,18,0,0,0
613,0,0,0,0,0,0,0,0,0,0
614,0,0,19,0,0,0,0,0,0,0
615,1,0,0,0,0,0,0,0,0,0
616,0,14,0,5,19,0,1,0,0,1
617,0,0,0,0,0,0,10,0,0,0
618,19,6,6,16,8,5,2,0,0,7
619,0,0,11,0,7,0,0,0,0,0
620,0,0,0,0,0,0,0,0,0,0
621,0,0,0,0,0,0,0,0,0,0
622,0,0,0,0,0,0,8,17,0,0
623,0,0,0,0,0,0,19,0,0,0
624,0,0,0,0,0,0,0,0,0,0
625,0,0,0,12,7,0,0,0,0,0
626,0,0,0,0,0,0,0,0,0,0
627,0,0,0,0,0,0,0,0,0,0
628,0,0,0,0,0,0,0,0,2,0
629,0,15,18,0,0,0,7,0,0,0
630,0,0,0,0,0,0,0,0,0,0
631,0,9,5,0,0,0,0,0,0,0
632,0,0,0,0,0,0,0,0,0,0
633,0,0,0,0,0,0,0,0,0,0
634,0,0,0,0,0,0,0,0,3,0
635,18,0,0,10,4,0,0,0,1,12
636,0,0,0,0,0,0,0,0,0,0
637,0,0,4,0,9,0,0,0,1,0
638,0,0,10,0,0,0,0,0,0,3
639,20,0,0,0,0,0,0,0,0,0
640,0,0,0,0,0,0,0,0,0,0
641,0,15,0,0,0,0,0,0,0,0
642,0,0,0,0,0,0,0,0,0,0
643,0,0,0,0,0,0,0,0,0,0
644,0,0,0,0,0,0,0,0,0,0
645,0,0,0,12,0,0,0,0,0,12
646,0,0,0,0,0,0,0,13,0,0
647,2,6,17,5,18,0,0,20,6,0
648,0,0,0,0,0,0,0,0,0,0
649,0,0,0,0,0,0,0,0,0,0
650,13,12,0,0,0,0,0,0,6,0
651,0,11,0,0,12,18,0,0,3,0
652,6,5,0,5,0,0,0,0,0,4
653,0,0,0,0,0,0,0,0,3,0
654,0,0,19,3,0,0,13,0,0,0
655,0,0,0,0,0,10,0,0,0,0
656,0,0,0,0,0,10,0,0,0,0
657,0,0,16,0,18,0,0,0,0,0
658,0,0,0,0,0,0,0,0,0,0
659,0,10,19,10,8,6,0,0,0,0
660,0,0,0,0,0,0,0,0,0,0
661,0,1,0,0,0,0,0,10,0,0
662,0,0,0,0,0,0,2,0,8,0
663,0,0,0,0,0,0,0,0,0,0
664,0,0,0,0,0,0,0,0,0,0
665,0,0,0,0,0,0,0,0,0,0
666,0,0,0,0,0,0,0,0,0,0
667,18,0,0,0,0,0,0,0,0,0
668,0,0,0,0,0,0,0,0,0,0
669,1,0,0,11,8,0,1,0,0,5
670,0,0,0,11,0,0,16,0,0,6
671,0,0,0,0,0,0,0,0,0,0
672,0,0,0,7,17,0,0,0,0,0
673,0,0,0,0,0,0,0,14,0,0
674,0,0,4,20,0,0,0,0,0,15
675,15,0,0,0,0,0,0,0,0,0
676,0,0,0,0,0,0,0,0,0,14
677,2,0,0,15,0,0,0,0,9,0
678,0,0,0,0,0,0,0,0,0,0
679,0,0,0,0,9,0,11,0,8,0
680,0,0,0,0,0,0,0,0,0,0
681,0,0,18,0,0,0,0,0,0,0
682,7,0,2,12,2,3,5,0,0,0
683,0,0,0,0,0,0,8,0,2,0
684,0,17,0,5,0,0,11,0,0,0
685,0,0,0,0,17,1,6,0,13,0
686,2,0,16,0,0,0,15,0,0,2
687,0,5,0,12,0,0,0,7,0,3
688,0,0,0,0,0,11,0,0,0,0
689,0,16,18,2,16,0,19,0,0,0
690,19,0,0,0,0,0,0,0,0,0
691,0,0,13,0,0,0,0,0,0,0
692,0,0,0,0,19,0,0,16,0,0
693,0,0,4,0,8,0,13,0,0,0
694,0,7,0,0,0,0,0,0,0,0
695,0,0,0,2,0,0,0,0,0,0
696,0,0,0,0,0,4,0,0,0,0
697,0,0,0,0,0,0,0,0,0,0
698,0,16,0,0,0,0,0,5,0,5
699,4,0,0,0,0,0,15,0,13,0
700,0,0,0,0,0,0,0,0,0,0
701,0,0,4,1,0,15,0,0,16,0
702,0,0,0,0,0,0,0,0,0,0
703,0,0,0,0,3,0,19,0,0,2
704,0,0,5,0,14,7,0,0,17,13
705,0,0,0,15,0,19,0,13,0,13
706,0,0,15,0,0,3,0,1,0,12
707,0,0,0,0,0,12,0,0,0,0
708,0,0,0,16,0,0,1,0,6,16
709,4,11,0,14,0,0,5,1,7,0
710,0,0,0,0,0,19,0,0,0,0
711,0,19,0,0,0,0,0,7,0,0
712,0,0,19,0,0,5,0,0,0,0
713,0,0,0,0,0,0,0,0,0,0
714,0,0,0,0,5,0,0,0,0,0
715,0,0,0,15,0,0,0,0,0,0
716,0,0,0,0,0,0,0,0,0,0
717,0,0,0,0,0,0,0,0,0,0
718,0,0,13,0,0,0,0,0,0,0
719,0,18,14,0,0,0,0,0,0,0
720,0,0,0,0,0,18,0,0,0,0
721,18,0,0,0,20,0,0,17,0,1
722,0,0,0,0,0,0,0,0,0,0
723,0,0,0,0,4,0,0,0,0,0
724,8,0,0,0,0,0,5,0,0,0
725,0,10,0,0,0,0,18,0,15,0
726,0,0,0,0,0,0,20,0,0,0
727,0,0,0,0,0,15,17,0,0,0
728,0,0,0,0,0,0,15,0,19,0
729,10,0,13,0,0,0,0,0,0,0
730,0,0,0,0,0,0,0,0,0,0
731,0,0,0,0,0,0,0,0,0,0
732,3,0,2,0,0,0,0,0,0,16
733,0,0,0,0,0,0,0,0,0,0
734,0,0,0,0,0,0,0,0,0,0
735,0,0,0,0,0,0,10,0,0,15
736,14,3,6,0,9,14,0,0,0,0
737,0,0,0,0,0,0,0,0,0,0
738,0,0,0,0,14,0,0,0,0,7
739,0,0,0,0,0,0,0,0,0,0
740,3,0,0,5,0,13,0,0,0,0
741,0,0,0,0,0,6,2,7,0,0
742,0,17,0,0,0,0,0,0,0,0
743,0,6,9,0,0,0,0,6,0,0
744,0,0,0,0,0,11,0,0,14,0
745,0,0,0,0,0,0,0,0,0,0
746,16,0,0,0,0,0,0,0,0,0
747,0,0,0,0,0,0,0,0,0,0
748,0,0,0,0,0,10,0,0,0,0
749,0,0,0,0,0,0,0,0,0,0
750,0,0,2,9,0,0,0,0,0,0
751,0,0,0,0,0,0,0,0,7,0
752,0,0,7,8,0,0,0,0,0,0
753,19,0,0,0,0,0,0,0,0,7
754,0,0,20,5,14,0,0,3,17,0
755,0,0,0,17,0,0,0,0,0,0
756,0,0,0,0,0,0,0,0,0,0
757,0,13,0,9,0,0,0,0,0,0
758,0,16,20,0,0,0,11,4,0,1
759,8,0,0,6,9,5,17,3,18,8
760,1,7,1,4,10,0,12,5,2,19
761,0,0,0,0,0,0,0,0,0,0
762,0,0,0,0,0,0,0,0,0,0
763,0,0,0,0,0,0,14,0,0,0
764,0,0,20,0,0,0,0,0,0,4
765,5,0,0,0,0,0,0,0,0,0
766,0,0,0,2,0,0,0,0,0,0
767,1,0,0,0,0,0,0,0,0,0
768,0,0,0,0,0,0,20,13,0,0
769,0,0,14,13,0,0,0,0,0,0
770,0,0,0,0,0,11,0,0,0,0
771,0,0,0,0,3,0,0,0,0,12
772,0,0,6,0,5,0,0,0,0,0
773,0,0,0,0,0,0,0,0,0,0
774,0,0,0,0,0,0,0,0,0,0
775,16,0,0,0,5,0,2,5,0,0
776,0,0,0,0,0,0,0,0,0,0
777,0,0,0,0,0,0,0,0,0,0
778,1,0,0,0,0,12,2,4,0,0
779,0,0,0,8,0,0,9,0,0,0
780,0,0,19,0,0,0,0,0,0,10
781,0,0,0,0,0,0,0,0,0,0
782,0,0,0,11,0,0,0,0,0,0
783,0,0,0,0,0,0,0,0,15,0
784,18,2,0,0,0,6,0,4,0,0
785,0,17,12,0,0,0,6,9,0,0
786,15,0,0,0,0,0,0,9,0,0
787,1,11,0,0,2,1,0,12,12,0
788,5,0,0,0,0,0,0,0,0,0
789,0,0,0,0,6,0,8,0,0,0
790,0,0,0,0,19,0,0,0,0,0
791,0,0,0,0,0,0,0,0,0,0
792,0,0,0,0,0,0,0,0,12,0
793,0,0,0,0,0,0,0,20,0,19
794,0,0,0,0,0,0,0,8,0,0
795,0,0,0,0,0,0,0,0,2,0
796,0,0,0,9,0,0,0,0,0,0
797,1,0,0,0,0,0,0,0,0,0
798,0,0,0,0,0,0,0,0,0,0
799,0,0,0,0,0,0,0,0,0,0
800,0,4,0,0,12,0,0,0,0,15
801,0,0,0,0,0,12,17,4,10,17
802,19,0,0,15,0,9,0,0,0,7
803,0,0,0,0,0,0,0,0,0,19
804,0,8,0,11,0,8,0,0,0,0
805,0,0,0,0,0,0,2,3,0,0
806,0,0,0,0,0,0,0,0,0,20
807,0,0,0,0,0,0,0,0,0,0
808,2,2,2,11,0,0,0,3,0,10
809,0,0,0,0,0,0,0,0,0,0
810,0,0,0,0,14,0,0,0,0,0
811,17,0,3,5,0,2,0,19,3,0
812,0,0,0,0,0,0,0,0,0,0
813,0,0,0,0,0,0,0,0,0,0
814,0,3,15,0,0,0,0,0,0,0
815,0,0,0,0,8,0,0,0,0,0
816,17,0,0,6,0,1,10,0,0,10
817,0,0,20,0,4,0,0,0,0,18
818,0,0,0,0,0,0,0,18,0,16
819,0,11,0,0,6,0,0,0,0,0
820,0,8,0,0,4,0,0,0,0,0
821,0,0,0,0,0,0,0,0,0,7
822,0,0,0,0,0,15,14,0,18,0
823,0,7,4,0,1,0,0,0,0,2
824,0,0,0,0,0,0,0,0,0,0
825,0,0,0,4,0,15,0,0,0,0
826,0,0,0,0,0,0,0,0,0,0
827,20,19,0,0,0,0,0,0,0,0
828,4,0,0,0,2,0,0,19,15,0
829,20,10,10,0,0,0,0,0,0,0
830,0,0,0,0,0,0,0,0,0,0
831,6,1,0,12,0,0,0,13,11,0
832,0,0,0,0,0,0,0,0,0,0
833,0,0,0,0,0,0,0,0,0,9
834,0,0,12,16,0,0,15,0,0,0
835,12,0,0,4,9,0,0,0,17,0
836,0,0,0,0,0,0,0,0,2,0
837,0,0,16,0,0,0,0,12,6,0
838,0,5,0,0,0,14,0,0,8,0
839,0,0,5,0,0,0,0,4,0,14
840,0,0,0,5,0,0,0,0,0,0
841,14,0,0,5,0,0,0,0,0,0
842,4,0,0,0,0,0,0,6,0,0
843,0,0,0,0,3,0,0,0,0,0
844,0,14,0,3,7,0,0,0,18,0
845,0,0,3,0,8,0,0,0,0,6
846,5,16,0,0,0,0,0,0,0,0
847,0,0,4,0,0,0,8,0,0,12
848,0,0,0,0,0,0,0,0,0,0
849,0,0,0,0,0,0,0,0,0,0
850,5,1,3,5,3,2,14,13,0,0
851,0,19,0,0,0,0,0,0,14,16
852,0,0,0,0,0,0,0,0,0,0
853,0,0,0,0,0,0,1,0,0,0
854,0,0,0,0,0,6,0,0,0,0
855,0,0,0,0,0,4,0,2,4,0
856,11,1,0,12,0,0,0,0,0,0
857,0,0,0,0,0,0,3,0,18,0
858,0,0,0,0,0,0,0,0,12,0
859,0,0,0,0,0,0,0,19,0,19
860,0,0,0,0,0,0,0,0,0,0
861,0,0,0,0,0,0,0,4,0,0
862,0,0,0,0,0,0,4,9,0,10
863,0,0,0,0,0,0,0,0,0,0
864,0,0,0,0,0,0,14,3,0,0
865,0,0,16,0,0,0,0,0,0,0
866,0,2,0,0,4,0,0,0,0,0
867,0,10,0,0,0,0,0,0,0,0
868,0,0,0,0,14,0,0,0,0,0
869,6,0,0,0,3,0,17,0,0,0
870,0,0,0,0,0,0,0,0,0,0
871,0,0,0,0,0,0,0,0,0,0
872,0,0,0,0,0,0,0,0,10,0
873,4,0,0,0,0,0,0,0,0,11
874,9,0,0,12,0,0,0,0,0,9
875,11,0,0,0,0,0,6,1,6,1
876,0,0,0,0,0,0,0,0,0,0
877,0,0,0,0,0,6,0,11,0,0
878,0,0,0,1,0,0,0,0,0,1
879,0,0,2,0,0,0,6,20,0,0
880,3,0,0,18,0,2,0,0,0,0
881,0,0,0,0,0,0,0,5,0,0
882,0,0,0,0,0,0,0,0,4,0
883,0,0,0,0,0,0,0,0,0,0
884,0,18,0,0,7,18,0,0,0,0
885,0,0,15,0,0,0,0,0,0,0
886,0,0,0,8,0,0,1,17,0,0
887,0,0,0,0,0,0,0,0,0,0
888,0,0,0,0,0,18,0,0,0,0
889,7,0,0,0,0,0,0,0,17,0
890,1,16,15,18,9,0,0,0,0,0
891,0,0,0,0,0,0,0,0,0,0
892,0,0,0,0,0,0,0,0,0,0
893,0,0,0,0,0,0,0,0,0,0
894,0,0,15,0,5,0,0,0,0,5
895,0,12,16,17,0,0,0,0,0,0
896,0,0,0,0,0,0,0,0,0,0
897,0,0,0,0,0,0,0,1,0,0
898,0,0,0,0,0,1,2,0,0,0
899,6,1,16,14,18,0,0,10,4,0
900,0,17,0,13,5,0,9,0,0,0
901,0,3,0,0,0,0,0,0,0,0
902,3,0,0,0,0,16,0,0,8,0
903,0,0,0,0,0,0,0,0,0,0
904,0,0,2,17,0,0,0,0,0,18
905,0,0,0,0,0,0,0,0,0,0
906,0,0,0,16,0,19,0,6,0,0
907,0,16,0,2,0,0,0,0,11,0
908,0,9,0,6,0,0,15,0,0,0
909,0,20,0,1,0,0,0,0,0,0
910,0,0,0,0,0,0,0,0,0,0
911,18,0,0,0,0,19,0,0,17,14
912,0,0,0,0,0,14,0,0,0,9
913,0,0,0,0,12,0,0,0,0,0
914,0,13,0,0,0,0,0,0,0,4
915,0,0,0,0,0,0,0,0,0,0
916,0,15,0,0,0,0,0,0,0,0
917,0,2,0,0,0,11,16,0,19,0
918,0,0,0,0,0,0,0,0,0,0
919,0,9,0,0,0,0,0,0,0,0
920,0,0,0,0,0,0,0,0,0,0
921,0,0,0,0,0,0,0,0,0,0
922,0,0,11,0,0,0,0,0,0,0
923,0,0,0,0,9,0,0,16,0,0
924,0,0,0,0,0,0,0,0,0,0
925,0,0,0,0,0,0,0,0,0,0
926,0,0,0,0,0,0,0,0,0,0
927,0,0,1,0,0,0,0,0,4,0
928,0,18,0,0,0,19,10,0,0,0
929,0,0,0,0,0,0,0,0,17,0
930,12,0,0,0,0,0,0,0,4,0
931,0,0,0,0,0,0,0,0,0,0
932,0,0,0,6,0,0,0,0,0,0
933,0,0,0,0,0,0,0,7,0,0
934,0,0,0,0,0,0,0,0,0,15
935,0,0,20,0,0,13,0,0,0,0
936,0,0,0,0,0,0,0,0,0,0
937,0,5,0,0,0,6,0,0,0,0
938,0,0,4,0,0,15,0,0,0,3
939,0,0,0,0,0,0,0,0,0,0
940,0,0,0,4,0,0,0,0,0,0
941,0,0,0,1,0,3,0,0,0,0
942,0,0,0,0,0,0,0,0,0,0
943,0,0,0,0,1,0,0,0,0,4
944,0,0,0,0,0,3,0,0,0,0
945,0,0,0,0,0,0,0,0,0,0
946,0,0,0,0,0,0,0,0,11,1
947,0,9,5,1,0,0,4,17,0,0
948,0,18,0,0,0,0,12,0,0,0
949,4,0,0,0,0,0,0,0,0,0
950,0,0,0,0,0,0,0,13,20,9
951,0,0,0,0,0,0,12,13,20,0
952,0,0,0,0,0,0,0,0,0,0
953,17,0,0,0,0,1,0,0,10,12
954,0,0,0,0,0,0,0,0,0,0
955,11,0,0,0,0,0,0,0,0,0
956,0,0,0,14,17,0,0,0,0,0
957,0,17,15,0,0,6,0,0,0,0
958,3,0,0,3,0,0,7,0,0,0
959,0,19,0,0,13,18,7,0,2,0
960,11,6,17,0,15,0,15,0,0,0
961,0,0,0,0,0,0,0,0,0,0
962,0,0,0,0,0,0,0,0,0,0
963,0,0,0,0,0,0,1,0,0,0
964,0,0,0,0,0,0,0,0,16,0
965,14,9,0,0,0,0,0,10,0,0
966,0,0,0,14,0,0,0,0,0,0
967,0,0,15,0,0,0,0,0,0,0
968,0,0,0,0,0,17,1,0,0,0
969,0,0,0,0,0,0,13,0,0,10
970,0,0,0,0,0,0,0,0,0,0
971,0,0,0,0,0,6,0,0,0,0
972,0,0,0,0,0,0,0,17,0,0
973,0,4,0,0,16,0,19,0,0,0
974,17,2,0,0,0,6,0,4,0,0
975,0,0,0,0,0,0,0,0,0,0
976,0,0,0,15,17,0,0,0,0,0
977,0,0,0,0,0,0,0,0,0,0
978,0,0,0,0,0,0,0,0,0,0
979,0,0,0,0,0,0,0,0,0,0
980,0,0,0,0,0,0,0,0,0,10
981,0,0,0,0,0,0,0,0,0,0
982,0,0,0,0,0,0,3,12,0,0
983,0,0,0,0,0,0,0,17,0,0
984,0,12,0,0,0,0,0,0,0,2
985,0,10,0,0,0,0,9,0,0,0
986,13,18,0,0,0,0,2,17,0,1
987,8,0,9,0,15,0,0,3,5,0
988,0,0,11,3,0,2,0,6,0,16
989,3,13,0,0,0,0,0,0,0,0
990,0,15,0,0,0,0,0,13,20,0
991,0,0,0,11,19,0,0,7,0,0
992,0,0,0,1,19,0,15,9,0,12
993,0,0,0,0,0,0,0,0,11,0
994,0,0,0,0,0,16,0,0,0,0
995,0,15,0,0,0,0,0,0,0,9
996,0,0,14,9,0,0,0,0,6,16
997,0,0,0,0,0,0,0,0,14,0
998,0,0,0,0,0,1,12,0,0,0
999,0,0,0,0,0,0,0,0,20,0
1000,0,0,0,0,0,19,0,0,0,0
