run,input,value,avg defaults,P(no default),P(4+ defaults),pool mean,pool 5th pct,equity mean,equity std,equity 5th pct,equity min,P(A shortfall),P(B shortfall),B paid / due
base,pd,0.01,0.514,0.652,0.011,126.4444,115.48,92.4444,6.005312633,81.48,46.98,0.0,0.0,1.0
base,pd,0.02,0.96,0.472,0.046,123.30265,107.5855,89.30265,8.5592740375,73.5855,44.01,0.0,0.0,1.0
base,pd,0.04,1.821,0.257,0.159,117.28336,94.6855,83.28336,12.0322692795,60.6855,30.48,0.0,0.0,1.0
base,pd,0.06,2.644,0.136,0.3,111.51223,84.9565,77.51223,14.2499506533,50.9565,28.86,0.0,0.0,1.0
base,pd,0.08,3.426,0.076,0.446,106.01869,78.55,72.01869,15.6039837507,44.55,21.87,0.0,0.0,1.0
base,pd,0.12,4.73,0.019,0.685,96.71428,67.612,62.71428,16.5572727393,33.612,20.34,0.0,0.0,1.0
base,lgd,0.4,1.821,0.257,0.159,121.52224,106.457,87.52224,8.021512853,72.457,52.32,0.0,0.0,1.0
base,lgd,0.5,1.821,0.257,0.159,119.4028,100.57125,85.4028,10.0268910663,66.57125,41.4,0.0,0.0,1.0
base,lgd,0.6,1.821,0.257,0.159,117.28336,94.6855,83.28336,12.0322692795,60.6855,30.48,0.0,0.0,1.0
base,lgd,0.7,1.821,0.257,0.159,115.16392,88.79975,81.16392,14.0376474928,54.79975,19.56,0.0,0.0,1.0
base,lgd,0.8,1.821,0.257,0.159,113.04448,82.914,79.04626,16.0353032826,48.914,10.42,0.0,0.001,0.9998516667
base,lgd,0.9,1.821,0.257,0.159,110.92504,77.02825,76.944855,17.9708599965,43.02825,8.635,0.001,0.006,0.9984166667
base,lgd,1.0,1.821,0.257,0.159,108.8056,71.1425,74.8752,19.8016566369,37.1425,6.9,0.001,0.006,0.9950291667
base,rho,0.0,1.833,0.145,0.098,117.2236,101.68,83.2236,8.7609781633,67.68,45.54,0.0,0.0,1.0
base,rho,0.1,1.822,0.207,0.142,117.27826,97.3765,83.27826,10.5710878281,63.3765,44.01,0.0,0.0,1.0
base,rho,0.2,1.821,0.257,0.159,117.28336,94.6855,83.28336,12.0322692795,60.6855,30.48,0.0,0.0,1.0
base,rho,0.4,1.844,0.357,0.189,117.15625,86.6155,83.15625,15.3787491547,52.6155,19.98,0.0,0.0,1.0
base,rho,0.6,1.817,0.463,0.2,117.32653,74.98,83.32653,17.9939704466,40.98,18.27,0.0,0.0,1.0
base,rho,0.8,1.782,0.594,0.197,117.55309,62.866,83.55309,21.2918012472,28.866,18.0,0.0,0.0,1.0
base,b_notional,10.0,1.821,0.257,0.159,117.28336,94.6855,83.28336,12.0322692795,60.6855,30.48,0.0,0.0,1.0
base,b_notional,20.0,1.821,0.257,0.159,117.28336,94.6855,71.28336,12.0322692795,48.6855,18.48,0.0,0.0,1.0
base,b_notional,30.0,1.821,0.257,0.159,117.28336,94.6855,59.28707,12.0165334015,36.6855,10.19,0.0,0.001,0.9998969444
base,b_notional,40.0,1.821,0.257,0.159,117.28336,94.6855,47.3537,11.7909978008,24.6855,8.2,0.0,0.017,0.9985345833
base,b_notional,50.0,1.821,0.257,0.159,117.28336,94.6855,35.61564,11.1046907001,12.78,6.3,0.0,0.033,0.994462
base,b_notional,60.0,1.821,0.257,0.159,117.28336,94.6855,24.69592,9.1636353357,10.07,4.4,0.0,0.159,0.9803811111
stress LGD 100%,pd,0.04,1.821,0.257,0.159,108.8056,71.1425,74.8752,19.8016566369,37.1425,6.9,0.001,0.006,0.9950291667
stress LGD 100%,pd,0.08,3.426,0.076,0.446,90.03115,44.25,56.6929,24.5416614706,11.7975,3.15,0.019,0.045,0.9623
stress LGD 100%,pd,0.12,4.73,0.019,0.685,74.5238,26.02,42.42455,24.4585190466,8.1975,1.85,0.056,0.118,0.9002958333
stress LGD 100%,pd,0.2,6.734,0.001,0.909,50.2289,10.3275,23.7548,19.3111281812,4.65,0.9,0.247,0.406,0.6541916667
stress LGD 100%,rho,0.0,1.833,0.145,0.098,108.706,82.8,74.706,14.6016302722,48.8,11.9,0.0,0.0,1.0
stress LGD 100%,rho,0.2,1.821,0.257,0.159,108.8056,71.1425,74.8752,19.8016566369,37.1425,6.9,0.001,0.006,0.9950291667
stress LGD 100%,rho,0.4,1.844,0.357,0.189,108.59375,57.6925,75.0794,24.1249005483,23.6925,1.45,0.016,0.029,0.9754333333
stress LGD 100%,rho,0.6,1.817,0.463,0.2,108.87755,38.3,75.8664,27.1920495476,12.0425,0.1,0.032,0.051,0.9559583333
stress LGD 100%,rho,0.8,1.782,0.594,0.197,109.25515,18.11,77.42235,29.9080077388,8.35,0.0,0.069,0.089,0.921275
